template,send_month,option,subject,preheader,hero_image,hero_alt,eyebrow,issue_date,headline,body_paragraph_1,body_paragraph_2,cta_url,cta_text,tip_label,tip_headline,tip_body,tip_link_url,tip_link_text,points_label,point_1_title,point_1_body,point_2_title,point_2_body,point_3_title,point_3_body,aside_label,aside_body,note_label,note_body
Core Service,Sep 2026 · Janitorial,A,Nobody notices clean — until the day it slips,"A written scope, audits on a schedule, one team accountable by name.",https://emailpreviews-production.up.railway.app/brand/sample-hero-team.jpg,Uniformed janitorial crew mid-shift in a bright lobby,JANITORIAL & CLEANING,,Nobody notices clean. Everybody notices the day it slips.,"Cleaning is the only service in your building judged every single day and reported only when it fails. By the time a tenant emails about the restroom, the program has drifted for weeks.","Ours is built so the standard is written down, someone owns it by name, and it gets checked before you have to. Daily, periodic and deep-clean tasks are defined by area and frequency.",,,,,,,,HOW THE PROGRAM HOLDS,"A SCOPE, NOT A HANDSHAKE","Daily, periodic and deep-clean tasks written by area and frequency — so ""clean"" means the same thing to both teams.",AUDITS ON A SCHEDULE,Quality auditors inspect proactively and log what they find. You see the report whether or not anything was wrong.,CLOSED IN YOUR SYSTEM,"Our teams work in Corrigo, ServiceChannel, FacilitySource and FEXA, so requests close where you already track them.",WHO SHOWS UP,"Cleaning is a people business, and turnover is what breaks it. We hire selectively — only 5% of applicants are brought on — train through master trainers, and give every site a named account executive.",,
Core Service,Sep 2026 · Janitorial,B,Your cleaning program is one no-show from a complaint,See the audit report whether or not anything went wrong.,https://emailpreviews-production.up.railway.app/brand/sample-hero-team.jpg,Close-up: gloved hand wiping a spotless restroom fixture,JANITORIAL & CLEANING,,Clean isn't a mop. It's a management system.,"A cleaning program rarely fails all at once. It slips — a missed detail here, a skipped task there — until the complaints start and you're managing a problem instead of a schedule.","We fix drift with structure: a documented scope, proactive audits you can see, and requests that close inside the systems you already use.",,,,,,,,WHY IT DOESN'T SLIP,IT'S WRITTEN DOWN,"Every task, area and frequency is documented, so the standard doesn't live in someone's head.",YOU SEE THE REPORT,"We catch drift before you do, and show you the check either way.",WHERE YOU TRACK IT,No new portal to learn — we close the work in the system you already use.,THE PEOPLE PART,"The program is only as good as the people on it. We're selective on hiring, serious on training, and we put a name on every account.",,
Core Service,Sep 2026 · Janitorial,C,"The restroom is your reputation, checked daily",Only 5% of applicants make our team. Here's why that matters.,https://emailpreviews-production.up.railway.app/brand/sample-hero-team.jpg,Team lead reviewing a cleaning checklist on a tablet,JANITORIAL & CLEANING,,The standard is written down — and someone owns it by name.,The difference between a clean building and a complaint isn't effort. It's whether the standard is written down and whether someone is accountable for it by name.,"We hire selectively, train through master trainers, and give every site a named account executive — so the people in your building are why it stays clean.",,,,,,,,BUILT NOT TO DRIFT,DEFINED BY AREA,"You approve the scope up front; we deliver to it, not to interpretation.",CHECKED PROACTIVELY,"Inspections are scheduled, not triggered by a complaint.",ONE PLACE,Requests start and finish where your team already looks.,WHY TURNOVER DOESN'T WIN,"Consistency comes from people, not promises: selective hiring, real training, and a named contact who owns your site.",,
Core Service,Oct 2026 · Repairs,A,The work order you forgot is the one that floods,"One scope, one invoice, one number for every trade.",https://emailpreviews-production.up.railway.app/brand/sample-hero-team.jpg,Technician fixing an HVAC/plumbing unit in a mechanical room,REPAIRS & MAINTENANCE,,The small repair you defer is the one that floods the floor below.,"The repair you meant to get to is the one that turns into water on the floor below. Deferred work orders don't disappear — they compound, and on their timeline, not yours.","We put every trade on one scope, one invoice and one number, and close the work inside the system you already track. Our own teams and vetted partners handle the rest.",,,,,,,,HOW THE WORK CLOSES,ONE WORK-ORDER SYSTEM,"Every trade routes through one scope and one system, so nothing gets handled off-book or forgotten.","CLOSED, NOT PENDING","Work is tracked to completion in your system, so you see status without chasing anyone.",ONE INVOICE,"One scope, one invoice, one number — instead of reconciling five vendors every month.",WHO CLOSES THE WORK,"The trades we send are vetted, insured and accountable — not whoever was available. One standard applies whether it's our crew or a partner.",,
Core Service,Oct 2026 · Repairs,B,Small repairs get expensive when they wait,Deferred work orders don't disappear — they compound.,https://emailpreviews-production.up.railway.app/brand/sample-hero-team.jpg,Maintenance tech with tool bag walking a corridor,REPAIRS & MAINTENANCE,,One work-order system for every trade in the building.,"Most buildings run repairs through a patchwork of vendors, each with its own number, invoice and excuse. The gaps between them are where things break twice.","Painting, restoration, lighting, HVAC, plumbing and more — dispatched, tracked and closed in one place, so nothing falls through the gap between vendors.",,,,,,,,"ONE SYSTEM, EVERY TRADE","EVERY TRADE, ONE SCOPE","Painting, lighting, HVAC, plumbing and more — one documented program instead of a stack of vendors.",TRACKED TO DONE,Nothing sits 'pending' quietly — the loop closes where you already track it.,ONE NUMBER TO CALL,"The whole building's work lands on a single, predictable invoice.",THE TRADES BEHIND IT,"Behind one number is a bench of vetted trade partners, coordinated so the work closes cleanly.",,
Core Service,Oct 2026 · Repairs,C,One number for every repair in the building,"Vetted trade partners, dispatched and closed in your system.",https://emailpreviews-production.up.railway.app/brand/sample-hero-team.jpg,Two techs coordinating a repair on a work-order tablet,REPAIRS & MAINTENANCE,,Repairs shouldn't need three vendors and four phone calls.,"When a fix needs three calls and four days, small problems become expensive ones. A single accountable team closes the loop before that happens.","You get a named account executive and client service manager, not a queue — so the person who answers knows your building.",,,,,,,,WHY NOTHING FALLS THROUGH,NOTHING OFF-BOOK,"The scope is written and priced against what the building actually needs, not a template.",YOU SEE THE STATUS,"You get visibility from request to done, on every trade.",NO VENDOR MAZE,No vendor maze: one point of contact for everything.,"VETTED, NOT RANDOM","We stand behind every trade on the contract, our own and our partners' alike.",,
Core Service,Nov 2026 · Security,A,Your lobby is the first thing anyone judges,"Trained, uniformed coverage — not a rotating cast of temps.",https://emailpreviews-production.up.railway.app/brand/sample-hero-team.jpg,"Sharp, uniformed concierge at a modern lobby desk",SECURITY & CONCIERGE,,Your lobby introduces the building before anyone says a word.,"Your lobby introduces the building before anyone says a word. A staffed, sharp front-of-house says the property is well run; a gap at the desk says the opposite — loudly.","We staff front-of-house with trained, uniformed people and back them with a named account executive — so coverage is consistent and the standard is owned.",,,,,,,,HOW COVERAGE HOLDS,"TRAINED, NOT TEMPORARY","Front-of-house is staffed by trained, uniformed people to a written standard — not whoever the agency sent.",A NAMED CONTACT,"Every site gets a named account executive and client service manager — a person, not a ticket queue.",ON ONE CONTRACT,"Security and concierge sit on the same contract as cleaning and maintenance — one relationship, not another RFP.",WHO STANDS AT YOUR DESK,"Coverage means little if the person is wrong for your lobby. We hire selectively and train to your building's standard, so the desk reflects the property.",,
Core Service,Nov 2026 · Security,B,Coverage gaps are what tenants remember,"A named account executive, not a queue.",https://emailpreviews-production.up.railway.app/brand/sample-hero-team.jpg,Security officer greeting a visitor at the entrance,SECURITY & CONCIERGE,,Coverage gaps are what tenants remember.,Front-of-house is judged constantly and remembered at its worst. One uncovered shift or one indifferent greeting is what a tenant carries into a renewal conversation.,"Security and concierge run on the same contract as the rest of your program, with one point of accountability instead of another vendor to manage.",,,,,,,,WHO STANDS AT YOUR DESK,STAFFED TO A STANDARD,"Coverage is defined shift by shift, so there are no quiet gaps at the desk.",NOT A QUEUE,"You call someone who knows your building, not whoever picks up.","SAME TEAM, SAME STANDARD","Same team, same standard, same accountability across every service.",THE HIRING BAR,"Front-of-house is a hiring problem first. We're selective, we train, and we keep the same faces in place.",,
Core Service,Nov 2026 · Security,C,"A front desk that reflects the building, not a temp agency",Front-of-house that looks like it belongs to your building.,https://emailpreviews-production.up.railway.app/brand/sample-hero-team.jpg,"Front-desk staff checking in a guest, badge visible",SECURITY & CONCIERGE,,A front desk that reflects your property — not a staffing agency.,"Coverage is only half the job. Who is standing at your desk — trained, uniformed and accountable — is what tenants actually experience.","We hire selectively and train to your building's standard, so the person at your desk represents the property the way you would.",,,,,,,,WHY IT STAYS CONSISTENT,"COVERAGE, GUARANTEED",Every post has a standard and a name attached to it.,OWNED BY SOMEONE,Accountability has a name and a number.,NO EXTRA VENDOR,No separate staffing vendor to manage on the side.,WHY IT'S CONSISTENT,The person at your desk is chosen and trained for it — not a rotating cast of temps.,,
Core Service,Dec 2026 · Pest (P1),A,The pest problem tenants report before you see it,"P1 Pest Solutions — our pest division, same contract.",https://emailpreviews-production.up.railway.app/brand/sample-hero-team.jpg,P1 technician placing a monitor in a back-of-house area,PEST CONTROL,,Tenants report pests before property managers ever see them.,"Pests are the one problem tenants usually spot before you do. By the time it reaches your inbox, it's a reputation issue, not just a maintenance one.","P1 Pest Solutions is our pest division — commercial-grade treatment on the same contract, invoice and point of contact as everything else we do.",,,,,,,,HOW WE TREAT IT,"HARBORAGE, NOT SURFACE","We target the harborage — cracks, voids, equipment cavities — not just the surfaces you can see.",MONITORED BETWEEN VISITS,"Monitors between visits tell us whether the population is falling — so you get a trend, not a guess.",ON ONE CONTRACT,"Pest control runs on the same contract, invoice and contact as the rest of your program.",HOW WE TREAT IT,"Commercial pest work lives or dies on the record. We document what we find and do, so you're covered for audits, brand standards and corporate.",,
Core Service,Dec 2026 · Pest (P1),B,Pest control belongs on the same contract,Commercial pest control built for audits and records.,https://emailpreviews-production.up.railway.app/brand/sample-hero-team.jpg,Tech inspecting under equipment with a flashlight,PEST CONTROL,,Pest control belongs on the same contract as everything else.,Most buildings bolt pest control on as a separate vendor with a separate invoice and separate promises. It doesn't have to live outside the rest of your program.,"We treat the harborage, not the surface, and leave a written record of what was found and done — built for audits, not just for show.",,,,,,,,"PEST WORK, ON THE RECORD",TREATED AT THE SOURCE,"Treatment goes where pests actually live and travel, with monitors between visits.",PROOF IT'S WORKING,"We measure results between services, not just show up and spray.",SAME INVOICE,"P1 is our division, not a subcontractor — coordinated with everything else on-site.",THE P1 DIFFERENCE,"P1 is built for commercial reality: targeted treatment, monitoring, and a written trail your auditor will accept.",,
Core Service,Dec 2026 · Pest (P1),C,One vendor for the whole building — pests included,"One vendor, one invoice, pests included.",https://emailpreviews-production.up.railway.app/brand/sample-hero-team.jpg,Clean commercial kitchen with monitor stations in place,PEST CONTROL,,"One building, one program — pests included.","Commercial pest work is about the record as much as the result — what was found, what was treated, and proof for your audit file.","One vendor for the whole building means pest work is coordinated with cleaning and maintenance, not fighting them.",,,,,,,,WHY IT'S ON ONE CONTRACT,A WRITTEN RECORD,Every placement and finding is documented for your file.,"TREND, NOT GUESSWORK","You see whether it's working, backed by the record.",P1 IS OUR DIVISION,"One relationship covers the building, pests included.",BUILT FOR AUDITS,The result matters; the proof matters as much. Every visit leaves a documented record.,,
Core Service,Jan 2027 · Janitorial,A,Winter grime is hard on floors and first impressions,"Floor care, deep cleans and daily standards, all written down.",https://emailpreviews-production.up.railway.app/brand/sample-hero-team.jpg,Crew running a floor scrubber across a wet-look lobby floor,JANITORIAL & CLEANING,,Winter drags grime through your front door every day.,"Winter walks straight through your front door. Salt, slush and grit ride in on every shoe and land on the floors visitors judge first.","We handle the season's grime on a schedule — entrance mats, daily attention to high-traffic floors, and periodic deep cleans that keep finish intact.",,,,,,,,HOW THE STANDARD HOLDS,"A SCOPE, NOT A HANDSHAKE","Floor care, restrooms and deep cleans are written by area and frequency, so winter grime doesn't win.",AUDITS ON A SCHEDULE,Quality auditors inspect proactively and log what they find. You see the report whether or not anything was wrong.,CLOSED IN YOUR SYSTEM,"Our teams work in Corrigo, ServiceChannel, FacilitySource and FEXA, so requests close where you already track them.",WHO SHOWS UP,"Winter is when programs slip and people quit. We hire selectively, train through master trainers, and keep a named contact on your account through the season.",,
Core Service,Jan 2027 · Janitorial,B,"Salt, slush and traffic — your floors take the season hardest",We handle the grime the season drags in.,https://emailpreviews-production.up.railway.app/brand/sample-hero-team.jpg,Entrance mats and squeegee work by the doors in winter,JANITORIAL & CLEANING,,Salt and slush are hard on floors and first impressions.,"The season is hardest on the surfaces that matter most — entrances, lobbies and the floors that set a first impression the moment someone walks in.","Floor care, restroom standards and deep cleans are written into the scope by area and frequency, so winter doesn't quietly erode the building.",,,,,,,,WHAT WINTER DOESN'T TOUCH,FLOORS ON A SCHEDULE,"The high-traffic surfaces get defined daily attention, not occasional catch-up.",YOU SEE THE REPORT,"We catch winter drift before you do, and show you the check either way.",WHERE YOU TRACK IT,No new portal — floor-care requests close in the system you already use.,THE PEOPLE PART,"The season tests consistency, and consistency is a people problem. We staff and train so the standard holds.",,
Core Service,Jan 2027 · Janitorial,C,The lobby floor tells visitors how the building is run,"The details visitors notice, managed on a schedule.",https://emailpreviews-production.up.railway.app/brand/sample-hero-team.jpg,"Polished floor reflecting overhead lights, crew behind",JANITORIAL & CLEANING,,The lobby floor tells visitors how the building is run.,Floor care isn't cosmetic in winter. Grit left on hard floors grinds finish down and turns a maintained surface into a replacement line item.,"Our crews are trained and accountable by name, so the details visitors notice are managed, not left to chance.",,,,,,,,BUILT NOT TO DRIFT,DEFINED BY AREA,You approve the schedule; we hold it through the season.,CHECKED PROACTIVELY,"Inspections are scheduled, not triggered by a complaint.",ONE PLACE,Work starts and finishes where your team already looks.,WHY IT HOLDS ALL WINTER,"The details that survive winter are the ones a trained, accountable crew is responsible for by name.",,
Core Service,Feb 2027 · Repairs,A,The cheapest repair is the one you schedule,"Inspections, filters, coils and repairs before the cold finds them.",https://emailpreviews-production.up.railway.app/brand/sample-hero-team.jpg,Tech changing rooftop HVAC filters in cold weather,REPAIRS & MAINTENANCE,,The cheapest repair is the one you scheduled in advance.,"The first cold snap doesn't create problems so much as reveal the ones you deferred all year. Heating systems fail on the coldest night, not a convenient one.","We handle the inspection, the filters, the coils and the repairs — so the first cold night is uneventful instead of an emergency.",,,,,,,,HOW WE STAY AHEAD OF IT,"INSPECTED, NOT ASSUMED","Heating, cooling and building systems are inspected on a schedule, not when they fail.",DOCUMENTED FINDINGS,Anything found on a preventive visit is logged and closed as a work order in your system.,ONE NUMBER TO CALL,"One number for every system, with vetted trade partners for the specialty work.",WHO STAYS AHEAD OF IT,"Preventive work depends on the team behind it. Our own crews plus vetted, insured trade partners keep every system on schedule.",,
Core Service,Feb 2027 · Repairs,B,Cold snaps find every system you deferred,Preventive maintenance that keeps small problems small.,https://emailpreviews-production.up.railway.app/brand/sample-hero-team.jpg,Maintenance inspecting a boiler room with a checklist,REPAIRS & MAINTENANCE,,Cold snaps find every system you deferred.,"Preventive maintenance is the cheapest work you'll do all winter, because the alternative is an emergency call at the worst time and price.","Preventive visits are scheduled and documented, and anything we find closes as a work order in the system you already use.",,,,,,,,BEFORE THE COLD FINDS IT,ON A SCHEDULE,"Preventive tasks are documented by system and interval, so nothing is assumed.",CLOSED AS WORK ORDERS,Findings don't get lost between visits — they're documented and tracked to done.,VETTED PARTNERS,You call one place; we coordinate the trades behind it.,THE TEAM BEHIND IT,"One accountable team, one bench of vetted partners — so nothing waits on 'who do we call.'",,
Core Service,Feb 2027 · Repairs,C,Preventive maintenance before winter does the finding,One call for every system in the building.,https://emailpreviews-production.up.railway.app/brand/sample-hero-team.jpg,"Frost on a window, warm interior, tech at work",REPAIRS & MAINTENANCE,,Preventive maintenance before winter does the finding for you.,"Every system in the building has a season. Heading into winter, the ones you haven't inspected are the ones most likely to find you first.","One team, one number, and vetted trade partners for the specialty work — so every system is covered before the season tests it.",,,,,,,,WHY IT'S CHEAPER THIS WAY,AHEAD OF THE SEASON,We check the things that fail in winter before winter arrives.,NOTHING LOST,"You see what we checked and what we fixed, on the record.",EVERY SYSTEM COVERED,Every system covered under one accountable contract.,VETTED PARTNERS,"We keep the specialty trades vetted and ready, so preventive work actually happens on time.",,
Seasonal,Sep 2026 · Heating prep,A,"Your heating fails on the coldest night, not a convenient one","Inspection, filters, coils and repairs before the season loads the system.",https://emailpreviews-production.up.railway.app/brand/sample-hero-seasonal.jpg,"Tech servicing a rooftop heating unit, cold sky",HEATING SEASON,,Your heating system will fail on the coldest night — not a convenient one.,"Your heating equipment has been idle for months and is about to run flat-out. Dirt, wear and deferred fixes are the leading causes of a system failing exactly when you need it most.","We handle the inspection, the filters, the coils and the repairs, so the first cold night is uneventful. One contract covers heating now and cooling in spring.",https://www.safetyfacilityservices.com/request-a-quote,REQUEST A QUOTE,SAFETY TIP,A Clean System Is a Cheaper System,Replacing a dirty filter with a clean one can cut a unit's energy use by 5 to 15 percent. Pair it with a coil and lighting check and the savings land on the same bill.,https://www.safetyfacilityservices.com/services,LEARN MORE,,,,,,,,,,GOOD TO KNOW,Service cooling equipment in spring and heating in fall — contractors book solid the week the weather turns.
Seasonal,Sep 2026 · Heating prep,B,The first cold snap finds every system you deferred,Contractors book solid the week the weather turns.,https://emailpreviews-production.up.railway.app/brand/sample-hero-seasonal.jpg,Boiler-room inspection with a checklist,HEATING SEASON,,The first cold snap doesn't cause problems. It reveals the ones you deferred.,"The first real cold doesn't create problems so much as reveal the ones that sat all year — and it reveals them on the coldest night, at emergency rates.","We inspect proactively, document what we find, and close any repair in the system you already use — before the weather forces the issue.",https://www.safetyfacilityservices.com/request-a-quote,SCHEDULE HEATING SERVICE,SAFETY TIP,Filters Are the Cheapest Repair You'll Make,"A clogged filter forces the system to work harder to move the same air, driving up energy use and shortening equipment life. Monthly checks pay for themselves.",https://www.safetyfacilityservices.com/services,SEE THE CHECKLIST,,,,,,,,,,GOOD TO KNOW,The first cold week is when every building calls at once; scheduling now means you're not in that line.
Seasonal,Sep 2026 · Heating prep,C,Book heating service before the week the weather turns,We handle heating and cooling on one contract.,https://emailpreviews-production.up.railway.app/brand/sample-hero-seasonal.jpg,"Thermostat handoff in a warm, lit lobby",HEATING SEASON,,The cheapest heating repair is the one you schedule in September.,"Heating service is cheap and boring in September. In January it's an emergency call, if you can get one — contractors book solid the week the weather turns.","Our own teams and vetted trade partners keep every system on schedule, so you're not competing for a contractor when everyone else needs one too.",https://www.safetyfacilityservices.com/request-a-quote,BOOK AN INSPECTION,SAFETY TIP,Heat Rises — So Do Deferred Repairs,Deferred heating repairs don't get cheaper with time — they get more expensive and more urgent. The fix scheduled now is the emergency you avoid in January.,https://www.safetyfacilityservices.com/services,GET THE GUIDE,,,,,,,,,,GOOD TO KNOW,Heating tune-ups booked before October are routine; booked in January they're emergencies.
Seasonal,Oct 2026 · Weatherization,A,The gaps you can't see are the ones winter finds,"Seals, gutters and exterior gaps, handled before the cold gets in.",https://emailpreviews-production.up.railway.app/brand/sample-hero-seasonal.jpg,Worker sealing exterior window/door gaps,WEATHERIZATION,,The gaps you can't see are the ones winter finds first.,"Warm air leaves and cold air gets in through gaps you never see — around doors, windows, docks and roof penetrations. Every one is a line on your winter energy bill.","We walk the envelope, seal what's leaking, and handle gutters, drainage and exterior gaps on one scope — before the first freeze locks it all in.",https://www.safetyfacilityservices.com/request-a-quote,REQUEST A WALKTHROUGH,SAFETY TIP,A Dollar of Sealant Saves Ten in Heat,"Sealing air leaks around doors, windows and penetrations is one of the highest-return maintenance dollars you can spend before winter.",https://www.safetyfacilityservices.com/services,LEARN MORE,,,,,,,,,,GOOD TO KNOW,Weatherization done before the first freeze locks in savings for the whole season.
Seasonal,Oct 2026 · Weatherization,B,Seal it now or heat the parking lot all winter,Small drafts are big energy bills by January.,https://emailpreviews-production.up.railway.app/brand/sample-hero-seasonal.jpg,"Gutter cleaning from a ladder, fall leaves",WEATHERIZATION,,Every draft is a line on January's energy bill.,Weatherization is the least glamorous work you'll do all year and among the highest-return. A weekend of sealing offsets months of overworked heating.,It's one walkthrough now against an emergency and a utility spike later. We mark what needs sealing and price it against what the building needs.,https://www.safetyfacilityservices.com/request-a-quote,SEAL IT NOW,SAFETY TIP,"Small Drafts, Big Bills",A gap you can't feel in October is a draft you can't ignore in January. Small leaks add up to a real share of heating cost.,https://www.safetyfacilityservices.com/services,SEE THE CHECKLIST,,,,,,,,,,GOOD TO KNOW,Exterior sealing gets harder and costlier once temperatures drop — October is the window.
Seasonal,Oct 2026 · Weatherization,C,"Weatherize in October, skip the January emergency",One walkthrough now saves an emergency later.,https://emailpreviews-production.up.railway.app/brand/sample-hero-seasonal.jpg,Weatherstripping a loading-dock door,WEATHERIZATION,,"Seal it in October, or heat the outdoors until March.",The building envelope is your first defense against winter. Handled in October it's routine; discovered in January it's an emergency and a utility bill.,"Weatherization runs on the same contract as everything else, so there's one number to call and one team accountable for the result.",https://www.safetyfacilityservices.com/request-a-quote,GET A QUOTE,SAFETY TIP,The Envelope Pays You Back,The building envelope quietly determines your winter energy bill. Tightening it once pays back every cold month that follows.,https://www.safetyfacilityservices.com/services,GET THE GUIDE,,,,,,,,,,GOOD TO KNOW,Gutters and drainage cleared before the leaves finish falling save you a mid-winter emergency.
Seasonal,Nov 2026 · Snow & ice,A,"One slip on your walkway is a claim, not an inconvenience","Salt, plows and crews on standby before the first flake.",https://emailpreviews-production.up.railway.app/brand/sample-hero-seasonal.jpg,Crew salting/plowing a commercial walkway at dawn,SNOW & ICE SEASON,,"One slip on an uncleared walk is a claim, not an inconvenience.","Snow and ice turn every walkway, entrance and lot into a liability the moment they land. One slip on an uncleared surface is a claim, not an inconvenience.","We stage salt, equipment and crews before the season and respond on a defined trigger, so your walks and lots are clear before the first foot hits them.",https://www.safetyfacilityservices.com/request-a-quote,LOCK IN COVERAGE,SAFETY TIP,Ice Doesn't Forgive a Slow Start,"Pre-treating walks and lots before a storm keeps ice from bonding, which makes clearing faster and surfaces safer. Prevention costs a fraction of a claim.",https://www.safetyfacilityservices.com/services,LEARN MORE,,,,,,,,,,GOOD TO KNOW,Snow contracts signed before the season guarantee you a crew when the storm actually hits.
Seasonal,Nov 2026 · Snow & ice,B,Snow doesn't wait for a purchase order,Slip-and-fall claims start on an uncleared walk.,https://emailpreviews-production.up.railway.app/brand/sample-hero-seasonal.jpg,Snowplow clearing a parking lot,SNOW & ICE SEASON,,Snow doesn't wait for a purchase order.,"Winter weather doesn't schedule around your purchase orders. The storm arrives, and either your crew is already assigned or you're calling around at 5 a.m.","Snow, ice and slip-and-fall prevention run on the same contract as the rest of your program — one scope, one invoice, one number when it storms.",https://www.safetyfacilityservices.com/request-a-quote,REQUEST A QUOTE,SAFETY TIP,The Cheapest Claim Is One You Prevent,Most slip-and-fall incidents happen on surfaces that were 'about to be' cleared. A defined response trigger removes the guesswork.,https://www.safetyfacilityservices.com/services,SEE THE CHECKLIST,,,,,,,,,,GOOD TO KNOW,The buildings that stay clear are the ones that arranged coverage before the first flake.
Seasonal,Nov 2026 · Snow & ice,C,Lock in snow-and-ice coverage before the first storm,"One number for snow, ice and everything else.",https://emailpreviews-production.up.railway.app/brand/sample-hero-seasonal.jpg,Wet-floor caution and mats at a snowy entrance,SNOW & ICE SEASON,,The first storm is a bad time to start looking for a plow.,Slip-and-fall exposure rides along with every storm. The buildings that stay clear are the ones that arranged coverage before the season started.,"We handle the clearing, the treatment and the documentation, so coverage is arranged long before the forecast turns.",https://www.safetyfacilityservices.com/request-a-quote,GET ON THE ROUTE,SAFETY TIP,Pre-Treat Beats Post-Storm,Documented clearing times aren't just safety — they're your defense if a claim ever lands.,https://www.safetyfacilityservices.com/services,GET THE GUIDE,,,,,,,,,,GOOD TO KNOW,Salt and equipment get scarce mid-storm; pre-season staging avoids the shortage.
Seasonal,Dec 2026 · Year-end / 24-7,A,The building doesn't close for the holidays — neither do we,"Live dispatch every day of the year, no answering service.",https://emailpreviews-production.up.railway.app/brand/sample-hero-seasonal.jpg,"Dispatcher on a headset at night, phones live",YEAR-END COVERAGE,,The building doesn't close for the holidays. Neither does the phone.,"The building doesn't close for the holidays, and neither do the things that break. A boiler, a leak or a security gap on December 26 doesn't care that the office is dark.",We answer with a live dispatcher 24/7/365 — no answering service — and back it with our own teams and vetted partners for whatever the call turns out to be.,https://www.safetyfacilityservices.com/request-a-quote,TALK TO DISPATCH,SAFETY TIP,A Live Voice Beats a Voicemail,After-hours problems get worse waiting for a callback. A live dispatcher turns a two-day emergency into a same-night fix.,https://www.safetyfacilityservices.com/services,LEARN MORE,,,,,,,,,,GOOD TO KNOW,Confirm holiday coverage now — the week between holidays is the hardest to staff after the fact.
Seasonal,Dec 2026 · Year-end / 24-7,B,Who answers when something breaks on December 26?,Holiday coverage that doesn't skip a beat.,https://emailpreviews-production.up.railway.app/brand/sample-hero-seasonal.jpg,"Lit building exterior, holiday quiet",YEAR-END COVERAGE,,Something will break on December 26. Who answers?,Year-end is exactly when coverage thins out and problems don't. The question isn't whether something happens over the holidays — it's who picks up when it does.,"One contract covers repairs, security and facilities straight through the holidays, so a problem on the 26th is our problem, not yours.",https://www.safetyfacilityservices.com/request-a-quote,GET COVERED,SAFETY TIP,Downtime Doesn't Take Holidays,The holidays are when small issues become big ones simply because no one's watching. Continuous coverage closes that gap.,https://www.safetyfacilityservices.com/services,SEE THE CHECKLIST,,,,,,,,,,GOOD TO KNOW,Year-end is when most vendors go quiet; a 24/7 contract means yours doesn't.
Seasonal,Dec 2026 · Year-end / 24-7,C,"24/7/365 live dispatch, no answering service","One call for repairs, security and facilities — even on the 25th.",https://emailpreviews-production.up.railway.app/brand/sample-hero-seasonal.jpg,"Tech responding to an after-hours call, keys in hand",YEAR-END COVERAGE,,"24/7/365 live dispatch — a real person, not an answering service.","Most vendors route you to an answering service after hours. Ours routes you to a live dispatcher, every day of the year, because that's when buildings actually need help.","Coverage doesn't thin out because the calendar says holiday. The same accountable team is on, documented and reachable, every day of the year.",https://www.safetyfacilityservices.com/request-a-quote,REQUEST A QUOTE,SAFETY TIP,Coverage Is Cheapest Before You Need It,Confirm before the break who answers your building's emergency line — and whether it's a person or a machine.,https://www.safetyfacilityservices.com/services,GET THE GUIDE,,,,,,,,,,GOOD TO KNOW,"Line up emergency coverage before the break, not during it."
Seasonal,Jan 2027 · Deep freeze,A,A frozen pipe is a five-figure problem that starts at 32°,We know which pipes freeze first and check them before they do.,https://emailpreviews-production.up.railway.app/brand/sample-hero-seasonal.jpg,Insulated pipes in a cold mechanical room,DEEP FREEZE,,A frozen pipe is a five-figure problem that starts at 32 degrees.,"A frozen pipe is one of the most expensive things that can happen to a building, and it starts quietly at 32 degrees in a spot nobody was watching.","We know which pipes freeze first — the exterior runs, the unheated corners — and check and protect them before the temperature does the testing.",https://www.safetyfacilityservices.com/request-a-quote,SCHEDULE AN INSPECTION,SAFETY TIP,"32 Degrees Is the Warning, Not the Problem",Letting a faucet trickle during extreme cold keeps water moving and can prevent a freeze — a cheap habit against an expensive failure.,https://www.safetyfacilityservices.com/services,LEARN MORE,,,,,,,,,,GOOD TO KNOW,The deepest cold usually lands in January; protecting exposed pipes before then is the cheap move.
Seasonal,Jan 2027 · Deep freeze,B,The deep freeze finds the pipe you forgot about,Frozen pipes don't wait for business hours.,https://emailpreviews-production.up.railway.app/brand/sample-hero-seasonal.jpg,Tech checking an exposed pipe with a thermal reading,DEEP FREEZE,,The deep freeze always finds the pipe you forgot about.,"Deep cold finds the weak point — the uninsulated run, the exterior wall, the pipe on the wrong side of a door. By the time it bursts, prevention is off the table.","Prevention and emergency response live on one contract: we insulate and monitor the weak points, and we're a live call away if the cold wins anyway.",https://www.safetyfacilityservices.com/request-a-quote,REQUEST A QUOTE,SAFETY TIP,Know Your First-to-Freeze Pipe,Know your building's first-to-freeze runs — usually exterior walls and unheated spaces — and insulate them before the cold tests them.,https://www.safetyfacilityservices.com/services,SEE THE CHECKLIST,,,,,,,,,,GOOD TO KNOW,Cold-snap prep is worthless the day the snap arrives — the value is all in doing it early.
Seasonal,Jan 2027 · Deep freeze,C,Cold-snap coverage before the temperature drops,Emergency response and prevention on one contract.,https://emailpreviews-production.up.railway.app/brand/sample-hero-seasonal.jpg,"Frost on an exterior wall, warm interior beyond",DEEP FREEZE,,"By the time a pipe bursts, prevention is off the table.","The difference between a cold snap and a flooded floor is usually a single unheated pipe. Knowing which one, and checking it early, is the whole game.","We document what we protect and close any fix in your system, so cold-snap readiness is a plan, not a scramble.",https://www.safetyfacilityservices.com/request-a-quote,GET COLD-SNAP READY,SAFETY TIP,A Trickle Beats a Burst,A pipe that freezes doesn't always burst immediately; catching it early can be the difference between a thaw and a flood.,https://www.safetyfacilityservices.com/services,GET THE GUIDE,,,,,,,,,,GOOD TO KNOW,"Know your at-risk pipes before the forecast, not after the flood."
Seasonal,Feb 2027 · Ice dams,A,Ice dams do their damage where you can't see it,"Roof load, ice dams and drainage, checked before the thaw.",https://emailpreviews-production.up.railway.app/brand/sample-hero-seasonal.jpg,Icicles / ice dam along a commercial roof edge,ICE DAM SEASON,,Ice dams do their most expensive work where you can't see it.,"Late winter is when the season's damage comes due. Ice dams, roof load and blocked drainage do their work slowly and out of sight, then show up on your ceiling.","We check roof load, clear ice dams and keep drainage moving, so the thaw runs off the building instead of into it.",https://www.safetyfacilityservices.com/request-a-quote,SCHEDULE A ROOF CHECK,SAFETY TIP,Snow Has Weight — Respect the Limit,Keep roof drains and downspouts clear so meltwater leaves the building instead of pooling and refreezing at the edge.,https://www.safetyfacilityservices.com/services,LEARN MORE,,,,,,,,,,GOOD TO KNOW,Late-winter thaw-and-refreeze is when hidden roof damage surfaces; check before it does.
Seasonal,Feb 2027 · Ice dams,B,The snow on your roof has weight — and a limit,The damage you can't see is the expensive kind.,https://emailpreviews-production.up.railway.app/brand/sample-hero-seasonal.jpg,Roof crew clearing snow load,ICE DAM SEASON,,The snow on your roof has weight — and a limit.,"Snow on a roof has real weight, and every roof has a limit. Thaw-and-refreeze is what turns accumulation into an ice dam and an ice dam into a leak.","Roof, gutters and the damage winter hides run on the same contract, with one team accountable and one number to call.",https://www.safetyfacilityservices.com/request-a-quote,REQUEST A QUOTE,SAFETY TIP,Clear the Dam Before It Leaks,Ice dams form when heat escaping the roof melts snow that refreezes at the cold eaves. Ventilation and clearing break the cycle.,https://www.safetyfacilityservices.com/services,SEE THE CHECKLIST,,,,,,,,,,GOOD TO KNOW,Roof and gutter issues found in February are cheaper than the ceiling repair in March.
Seasonal,Feb 2027 · Ice dams,C,Late-winter roof checks before the thaw does the finding,"One team for roofs, gutters and what winter leaves behind.",https://emailpreviews-production.up.railway.app/brand/sample-hero-seasonal.jpg,Ceiling water stain being inspected indoors,ICE DAM SEASON,,Late winter is when deferred roof problems come due.,"The problems that started in December don't announce themselves until February — usually as a water stain, always at a bad time.","We inspect proactively and document what we find, so late-winter problems close as work orders instead of surprises on your ceiling.",https://www.safetyfacilityservices.com/request-a-quote,BOOK AN INSPECTION,SAFETY TIP,Drainage Is Cheaper Than Drywall,A quick roof-load check after a heavy snow is cheap insurance against a structural surprise.,https://www.safetyfacilityservices.com/services,GET THE GUIDE,,,,,,,,,,GOOD TO KNOW,"Schedule the roof check between storms, not after the leak."
Pest Control,Oct 2026 · Rodents indoors,A,The pallet came in. So did the mice.,We seal the entry points and treat the harborage — with a record for your file.,https://emailpreviews-production.up.railway.app/brand/sample-hero-pest.jpg,P1 tech sealing a gap along a warehouse dock door,,OCTOBER 2026,MICE DON'T MOVE IN WHEN IT'S COLD. THEY MOVE IN BEFORE.,"Rodents don't wait for the first hard freeze to come inside — they move ahead of it, following warmth and food through gaps you'd never think twice about. A quarter-inch opening is all a mouse needs.","We treat the harborage, not the surface. We seal the entry points, place targeted control where rodents actually travel, and set monitors that show whether pressure is dropping between visits — with a written record for your file.",https://www.p1pestsolutions.com/site-inspection,SCHEDULE A SITE INSPECTION,,,,,,THREE ENTRY POINTS WE ALWAYS CHECK,INBOUND FREIGHT,Cardboard and pallets are the most common ride in.,UTILITY PENETRATIONS,Gaps around pipes and conduit let rodents into the walls.,BREAK ROOMS,"Food, warmth and clutter in one place draw rodents fast.",,,FIELD NOTE,Store product on wire racks a few inches off the floor and away from walls. A mouse needs cover to travel; take it away and the whole building turns hostile to them.
Pest Control,Oct 2026 · Rodents indoors,B,A gap the width of a pencil is a front door for a mouse,Rodents follow warmth and food indoors before the first frost.,https://emailpreviews-production.up.railway.app/brand/sample-hero-pest.jpg,Bait-station placement along an interior wall base,,OCTOBER 2026,ONE GAP THE WIDTH OF A PENCIL IS A FRONT DOOR FOR A MOUSE.,"In October, every rodent within range is looking for a warm place with food and quiet. A commercial building offers all three, and one uncontested gap is an open invitation.","Our technicians map the runs, close the gaps and document every placement. You get a program built for an audit, not a can of spray and a handshake.",https://www.p1pestsolutions.com/site-inspection,SEAL THE ENTRY POINTS,,,,,,THREE WAYS RODENTS GET IN,DOCK DOORS,Gaps under dock doors are a nightly rodent highway.,PIPE & WIRE GAPS,Unsealed penetrations are the interior route between rooms.,FOOD AREAS,Crumbs and open packaging keep a population fed all winter.,,,FIELD NOTE,"Walk your dock doors at dusk and look for daylight underneath. Any gap you can see under a door, a rodent can use — and will."
Pest Control,Oct 2026 · Rodents indoors,C,"By the time you see one mouse, there isn't one","Commercial rodent control built for audits, not just traps.",https://emailpreviews-production.up.railway.app/brand/sample-hero-pest.jpg,Flashlight inspection behind stored pallets,,OCTOBER 2026,"BY THE TIME YOU SEE ONE, THERE ISN'T ONE.",The reason you rarely see the first mouse is that rodents stay out of sight until the population forces them into the open. By then it's not one mouse — it's a colony with a routine.,"One scope, one invoice, one number to call — with monitors and reporting that show the population trend, not just a service date.",https://www.p1pestsolutions.com/site-inspection,REQUEST A SITE INSPECTION,,,,,,WHERE WE LOOK FIRST,DELIVERIES,Every delivery is a chance for a stowaway.,WALL VOIDS,"Wall voids are warm, quiet and out of sight — ideal harborage.",STORAGE,Dry storage with gaps behind shelving is a nesting favorite.,,,FIELD NOTE,"The first droppings show up along wall bases and behind equipment, not in the open. That's where an inspection should start, and where a monitor earns its keep."
Pest Control,Nov 2026 · Overwintering,A,The pests you stopped seeing didn't leave — they moved in,We find where they're overwintering and close it before spring.,https://emailpreviews-production.up.railway.app/brand/sample-hero-pest.jpg,Tech inspecting wall voids / utility penetrations,,NOVEMBER 2026,THEY'RE NOT GONE FOR WINTER. THEY'RE INSIDE YOUR WALLS.,"The pests that seem to vanish in November didn't leave. Cluster flies, stink bugs, spiders and rodents overwinter — often inside wall voids, attics and utility chases — waiting out the cold in your building.","We find where they're overwintering — voids, penetrations, attics — and treat and seal it before spring turns dormant into active. Every placement and finding goes on the record.",https://www.p1pestsolutions.com/site-inspection,SCHEDULE A SITE INSPECTION,,,,,,THREE PLACES THEY OVERWINTER,WALL VOIDS,Cluster flies and stink bugs pack into warm voids for winter.,WINDOW & DOOR FRAMES,Gaps in framing are the classic overwintering entry.,STORAGE ROOMS,"Quiet, undisturbed rooms are where spiders and rodents settle.",,,FIELD NOTE,"Seal exterior cracks and vents in the fall, before overwintering pests move in — once they're settled in the voids, treatment gets harder and slower."
Pest Control,Nov 2026 · Overwintering,B,Overwintering pests pick their building in the fall,"Cluster flies, stink bugs and rodents settle in for the season — in your building.",https://emailpreviews-production.up.railway.app/brand/sample-hero-pest.jpg,Monitor devices along a back corridor,,NOVEMBER 2026,OVERWINTERING PESTS PICK YOUR BUILDING IN THE FALL.,"Overwintering pests choose their shelter in the fall, and a commercial structure with warm voids and quiet corners is prime real estate. The decision they make now determines what emerges in spring.","We go after the shelter, not the symptom, with targeted placements in the cracks and voids where overwintering pests settle, and monitors that track what's happening behind the walls.",https://www.p1pestsolutions.com/site-inspection,FIND THE HARBORAGE,,,,,,WHERE PESTS WAIT OUT WINTER,ATTICS & CEILINGS,Upper voids hold heat and go unchecked for months.,EXTERIOR CRACKS,Foundation and siding cracks are fall entry points.,MECHANICAL ROOMS,Warmth and clutter make ideal winter harborage.,,,FIELD NOTE,"A warm week in winter can wake overwintering flies inside the walls; if you see them at windows in January, the harborage is interior, not outdoor."
Pest Control,Nov 2026 · Overwintering,C,What's living in your walls until spring?,"Targeted treatment and a written record, harborage first.",https://emailpreviews-production.up.railway.app/brand/sample-hero-pest.jpg,Exterior foundation inspection in late fall,,NOVEMBER 2026,THE PESTS YOU STOP SEEING IN NOVEMBER DIDN'T LEAVE.,"Winter quiet is deceptive. Behind the walls, overwintering populations are dormant, not gone, and the spring 'sudden appearance' is really months of undisturbed harborage coming to light.","You get a documented program and a single point of contact, so the work is coordinated and provable — built for your audit file, not just for the moment.",https://www.p1pestsolutions.com/site-inspection,REQUEST AN INSPECTION,,,,,,THREE HARBORAGE ZONES WE CHECK,UTILITY CHASES,Vertical chases move pests between floors unseen.,SOFFITS & VENTS,Unscreened vents invite pests into the structure.,DROP CEILINGS,"The space above tiles is warm, dark and rarely inspected.",,,FIELD NOTE,"Note where you find dormant clusters now — those exact spots are where next spring's activity will emerge, and where prevention pays off."
Pest Control,Dec 2026 · Holiday sanitation,A,The holiday rush feeds more than your customers,Sanitation and monitoring that keep the season's food from feeding pests.,https://emailpreviews-production.up.railway.app/brand/sample-hero-pest.jpg,Clean commercial kitchen with monitors in place,,DECEMBER 2026,"MORE FOOD, MORE TRAFFIC, MORE FOR PESTS TO FIND.","The holidays push more food, more deliveries and more foot traffic through your building than any other time — and every bit is something for pests to find, especially where sanitation slips under pressure.","We focus on sanitation and monitoring where the season's risk actually is — drains, dry storage, back-of-house — and leave a clean, written record through your busiest, most-scrutinized weeks.",https://www.p1pestsolutions.com/site-inspection,SCHEDULE A SITE INSPECTION,,,,,,THREE RISK ZONES WE WATCH,FLOOR DRAINS,Organic film in drains breeds small flies fast.,WASTE & COMPACTORS,Overflowing bins in December are a magnet.,UNDER EQUIPMENT,Heat and debris under fixtures shelter roaches.,,,FIELD NOTE,"A floor drain with organic film is a fly breeding site, not a clean drain. Enzyme cleaning during the holiday rush prevents a January problem."
Pest Control,Dec 2026 · Holiday sanitation,B,A slow drain now is a fruit-fly problem in January,"Drains, dry storage and back-of-house — checked and documented.",https://emailpreviews-production.up.railway.app/brand/sample-hero-pest.jpg,Tech inspecting floor drains in a food-prep area,,DECEMBER 2026,THE HOLIDAY RUSH FEEDS MORE THAN YOUR CUSTOMERS.,"December is when back-of-house discipline is hardest to hold and easiest for pests to exploit. A slow drain, an overflowing bin or a missed clean-down becomes a breeding site fast.","We treat the conditions, not just the pest: harborage, moisture and food sources get identified and addressed, with monitors that flag a problem before it becomes a complaint.",https://www.p1pestsolutions.com/site-inspection,BOOK A SANITATION AUDIT,,,,,,WHERE THE HOLIDAY RISK HIDES,DRY STORAGE,Spilled product feeds stored-product pests unseen.,RECEIVING,Holiday deliveries bring pests in on the goods.,BEVERAGE STATIONS,Sugar residue and drips feed ants and flies.,,,FIELD NOTE,"Break down and remove cartons the day they land; stacked cardboard in a back corridor is harborage, not storage."
Pest Control,Dec 2026 · Holiday sanitation,C,"More food, more traffic, more for pests to find",A clean audit trail through your busiest month.,https://emailpreviews-production.up.railway.app/brand/sample-hero-pest.jpg,Back-of-house dry-storage inspection,,DECEMBER 2026,A SLOW DRAIN IN DECEMBER IS A FRUIT-FLY FACTORY IN JANUARY.,"Stored-product pests and small flies don't need much — a spill in dry storage, organic film in a floor drain — and the busiest month is exactly when those conditions pile up unnoticed.","One coordinated program keeps pest work in step with your holiday operation, and every visit is documented for whoever asks — auditor, brand or corporate.",https://www.p1pestsolutions.com/site-inspection,REQUEST AN INSPECTION,,,,,,THREE THINGS WE CHECK FIRST,DISH & PREP AREAS,Moisture and food residue are a fly's ideal start.,BREAK ROOMS,Extra food and traffic mean extra risk.,STOCK OVERFLOW,Holiday overstock crowds out sanitation access.,,,FIELD NOTE,Keep dry-storage spills cleaned and stock rotated through the busy weeks — stored-product pests establish fastest when sanitation slips under pressure.
Pest Control,Jan 2027 · Peak rodent,A,January is when the nest you missed becomes a colony,Peak rodent pressure meets targeted baiting and exclusion.,https://emailpreviews-production.up.railway.app/brand/sample-hero-pest.jpg,Rodent-burrow inspection along the building exterior,,JANUARY 2027,JANUARY IS WHEN THE NEST YOU MISSED BECOMES A COLONY.,"January is when a nest you never saw in the fall turns into an established colony. Cold outside concentrates rodents indoors, and the quiet winter weeks give them time, warmth and cover.","We treat the harborage and prove it's working — targeted baiting and exclusion where rodents live, plus monitors that show the population falling between visits, all on the record.",https://www.p1pestsolutions.com/site-inspection,SCHEDULE A SITE INSPECTION,,,,,,THREE RODENT HOTSPOTS WE CHECK,EXTERIOR BURROWS,Ground burrows near the foundation are winter staging.,MECHANICAL ROOMS,Warmth draws rodents to nest near equipment.,INTERIOR RUNS,Wall bases and pipe chases are the travel routes.,,,FIELD NOTE,"Winter is the best time to find and seal exterior rodent entry, because activity concentrates the routes into a few obvious paths."
Pest Control,Jan 2027 · Peak rodent,B,Cold outside means crowded inside — for rodents,We treat the harborage and prove the population is dropping.,https://emailpreviews-production.up.railway.app/brand/sample-hero-pest.jpg,Interior bait/monitor check in a mechanical room,,JANUARY 2027,COLD OUTSIDE MEANS CROWDED INSIDE — FOR RODENTS.,Peak rodent pressure isn't dramatic — it's a population that got comfortable while the building focused on winter. The activity you'd have caught in October is now a routine behind the walls.,"We don't just set traps; we close the routes, remove the harborage and document the trend, so a peak-season problem is contained instead of managed forever.",https://www.p1pestsolutions.com/site-inspection,GET AHEAD OF IT,,,,,,WHERE WINTER RODENTS SETTLE,ROOF LINES,Roof rats travel utility lines and overhangs.,DROP CEILINGS,Voids above tiles are prime winter nesting.,EMPLOYEE AREAS,Break rooms feed the population overnight.,,,FIELD NOTE,"If monitor catches are rising month over month, the population is growing, not passing through — that's the signal to escalate, not wait."
Pest Control,Jan 2027 · Peak rodent,C,The quiet months are when infestations settle in,Monitors that tell us it's working between visits.,https://emailpreviews-production.up.railway.app/brand/sample-hero-pest.jpg,Tech documenting findings on a tablet in a stockroom,,JANUARY 2027,THE QUIET MONTHS ARE WHEN INFESTATIONS GET ESTABLISHED.,"The infestations that cost the most got established in plain sight during the slow months. By deep winter, rodents have mapped your building better than most of your staff.","One program, one invoice, and reporting that tells you the pressure is dropping — not just that someone showed up.",https://www.p1pestsolutions.com/site-inspection,REQUEST AN INSPECTION,,,,,,THREE PLACES WE LOOK FIRST,LANDSCAPE EDGES,Mulch and shrubs against the wall hide the runs.,STOCKROOMS,Quiet storage gives a colony room to grow.,MONITOR STATIONS,Existing devices tell us if pressure is rising.,,,FIELD NOTE,"Clear clutter in mechanical rooms and stockrooms; a colony needs cover, and an organized room is a hostile one."
Pest Control,Feb 2027 · Birds & invaders,A,Birds are scouting your roofline right now,Bird exclusion and early-season prep before nesting locks in.,https://emailpreviews-production.up.railway.app/brand/sample-hero-pest.jpg,Bird exclusion netting/spikes on a roofline ledge,,FEBRUARY 2027,BIRDS ARE SCOUTING YOUR ROOFLINE RIGHT NOW.,"Before the first warm week, birds are already scouting your roofline, ledges and signage for nesting sites — and once eggs are present, exclusion becomes a protected, regulated headache instead of a simple fix.","We handle bird exclusion — netting, spikes and deterrents — and get ahead of early invaders before nesting makes it complicated, with the documentation your file needs.",https://www.p1pestsolutions.com/site-inspection,SCHEDULE A SITE INSPECTION,,,,,,THREE SPOTS BIRDS TARGET,LEDGES & SIGNAGE,Flat ledges and signs are prime nesting perches.,SOFFITS & EAVES,Open eaves are a favorite protected nest site.,FOUNDATION CRACKS,Occasional invaders emerge from perimeter gaps.,,,FIELD NOTE,"Get bird exclusion in place before eggs appear. Once a nest is active, the work becomes regulated, slower and more expensive."
Pest Control,Feb 2027 · Birds & invaders,B,Exclusion is cheap before nesting season,We get ahead of the invaders before the first warm week.,https://emailpreviews-production.up.railway.app/brand/sample-hero-pest.jpg,Tech surveying rafters and ledges for nesting,,FEBRUARY 2027,"EXCLUSION IS CHEAP BEFORE NESTING. AFTER, IT'S PROTECTED.","Late winter is the window between dormant and active. Occasional invaders are stirring in the voids and birds are prospecting outside, which makes now the cheapest, cleanest time to get ahead of both.","We survey the roofline and voids, seal and exclude before activity peaks, and treat harborage at the source, so spring starts contained instead of chaotic.",https://www.p1pestsolutions.com/site-inspection,PLAN EXCLUSION NOW,,,,,,WHERE EARLY ACTIVITY STARTS,ROOFTOP UNITS,HVAC units offer shelter and warmth for nests.,LOADING CANOPIES,Covered docks invite roosting year-round.,ENTRY THRESHOLDS,Door sweeps and thresholds are early ant routes.,,,FIELD NOTE,"Late winter is the cheapest time to seal foundation and threshold gaps, before occasional invaders start moving out of the voids."
Pest Control,Feb 2027 · Birds & invaders,C,The occasional invaders are waking up early,"Roofline, ledges and entry points, surveyed and sealed.",https://emailpreviews-production.up.railway.app/brand/sample-hero-pest.jpg,Exterior eave and sign inspection with binoculars,,FEBRUARY 2027,THE OCCASIONAL INVADERS ARE WAKING UP EARLY THIS YEAR.,"The pests of early spring announce themselves suddenly, but the groundwork is laid weeks earlier — on your roof, in your voids and around your foundation, while it still looks like winter.","Exclusion and early prep run on one scope with a written record, so you're solving the problem now instead of protecting nests later.",https://www.p1pestsolutions.com/site-inspection,REQUEST AN INSPECTION,,,,,,THREE PLACES WE CHECK NOW,PARAPETS,Roof edges collect the debris birds build on.,VENTS & OPENINGS,Unscreened openings become nest entrances.,WALL VOIDS,Overwintered pests move out through the same gaps.,,,FIELD NOTE,"Survey the roofline now for old nests and droppings; last year's sites are this year's, unless you exclude them first."
Pest Control,Mar 2027 · Ants & flies,A,The first warm week is the starting gun for ants,Exclusion and perimeter treatment before the spring surge.,https://emailpreviews-production.up.railway.app/brand/sample-hero-pest.jpg,Tech treating an exterior perimeter for ants,,MARCH 2027,THE FIRST WARM WEEK IS THE STARTING GUN FOR ANTS.,"Spring pests rarely 'arrive.' Ants, flies and occasional invaders emerge — from the voids, cracks and harborage they've occupied all winter — and the first warm week is the starting gun for the whole season.","We treat the perimeter and the harborage and seal the entry points, so ants and flies are stopped at the source before they spread — with a record of every placement.",https://www.p1pestsolutions.com/site-inspection,SCHEDULE A SITE INSPECTION,,,,,,THREE ENTRY POINTS WE SEAL,PERIMETER & FOUNDATION,Ant trails start at foundation cracks and thresholds.,MOISTURE POINTS,Leaks and damp areas draw ants and flies first.,WINDOWS & VENTS,Emerging flies collect at light and openings.,,,FIELD NOTE,Seal thresholds and foundation cracks before the first warm week; the entry point you close in March is the ant trail you never chase in July.
Pest Control,Mar 2027 · Ants & flies,B,Spring pests don't arrive — they emerge from inside,"We stop ants and flies at the source, not the surface.",https://emailpreviews-production.up.railway.app/brand/sample-hero-pest.jpg,Sealing a foundation crack / entry point,,MARCH 2027,SPRING PESTS DON'T ARRIVE. THEY EMERGE — FROM INSIDE.,"The first sustained warmth wakes everything at once. Ant colonies send out foragers, overwintered flies become active, and the entry points you didn't seal in fall become highways in March.","We find the colonies' routes and the flies' breeding sites, exclude the entry points, and monitor the result, turning a spring surge into a non-event.",https://www.p1pestsolutions.com/site-inspection,STOP THE SPRING SURGE,,,,,,WHERE SPRING PESTS EMERGE,ENTRY THRESHOLDS,Door gaps are the first spring highway inside.,DRAINS,Spring fly breeding starts in neglected drains.,WALL VOIDS,Overwintered colonies push foragers indoors.,,,FIELD NOTE,Service floor drains and trash areas as temperatures rise — that's where the season's first fly generation actually starts.
Pest Control,Mar 2027 · Ants & flies,C,Seal it in March or chase it all summer,"One scope, one invoice, a program on paper.",https://emailpreviews-production.up.railway.app/brand/sample-hero-pest.jpg,Fly-light service in an entryway,,MARCH 2027,SEAL IT IN MARCH OR CHASE IT ALL SUMMER.,"What you do before the surge decides the summer. Exclusion and perimeter work in March stops the problem at the source; wait, and you're chasing it across the building for months.","One scope, one invoice, a program on paper — exclusion, perimeter and monitoring that get ahead of the season instead of chasing it.",https://www.p1pestsolutions.com/site-inspection,REQUEST AN INSPECTION,,,,,,THREE PLACES WE CHECK FIRST,EXTERIOR CRACKS,Warmth pulls foragers through every seam.,TRASH AREAS,Warming waste areas restart the fly cycle.,LANDSCAPE EDGES,Beds against the wall are the launch point.,,,FIELD NOTE,A single sustained warm spell can trigger emergence building-wide; getting exclusion done before it is the whole advantage.