template,send_date,send_time,campaign,theme,subject,preheader,accent_color,headline,intro,hero_cta_url,hero_cta_text,section_1_label,section_1_headline,section_2_label,section_2_headline,mid_cta_url,mid_cta_text,artist_name,artist_image,bio_paragraph_1,bio_paragraph_2,bio_paragraph_3,artist_bio,feature_label,announcement_line_1,announcement_line_2,member_price,retail_price,cta_url,cta_text,footer_cta_url,footer_cta_text,product_1_image,product_1_title,product_1_description,product_1_price,product_1_url,product_1_badge,product_2_image,product_2_title,product_2_price,product_2_url,product_2_badge,product_3_image,product_3_title,product_3_price,product_3_url,product_3_badge,product_4_image,product_4_title,product_4_price,product_4_url,product_4_badge,product_5_image,product_5_title,product_5_price,product_5_url,product_5_badge,product_6_image,product_6_title,product_6_price,product_6_url,product_6_badge,product_7_image,product_7_title,product_7_price,product_7_url,product_7_badge,product_8_image,product_8_title,product_8_price,product_8_url,product_8_badge
Artist Spotlight,2026-08-27,10:00,Artist Spotlight: Doze Green,Artist Spotlight,Meet Doze Green: MOG Exclusive Apparel & Vintage toys,,#ff8a1f,,,,,,,,,,,DOZE GREEN,https://d3k81ch9hvuctc.cloudfront.net/company/WHZZ6D/images/63940f51-8145-4d03-894a-816476ceffb0.jpeg,Doze Green is a pioneering New York artist who emerged from the graffiti movement of the 1970s and became an original member of the legendary Rock Steady Crew.,"Known for blending graffiti, hip-hop culture, and fine art, his work combines abstract figures, spiritual themes, and dynamic movement inspired by street culture, mythology, and music.","Over the decades, Doze Green has exhibited internationally and remains one of the most influential artists to bridge graffiti and contemporary art.",,MoG EXCLUSIVE,,,,,https://museumofgraffiti.com/collections/the-gift-shop?filter.p.m.custom.artist=Doze+Green,Shop Now >,https://museumofgraffiti.com/collections/the-gift-shop?filter.p.m.custom.artist=Doze+Green,See More >,https://cdn.shopify.com/s/files/1/0630/0444/2851/files/motugdozegreen.jpg?v=1786651895,"Vintage Mötug ""Brooklyn Bombers"" - Doze Green","Originally released in 2005, Mötug (“Monsters Of The Unda-Ground”) Blind Box Egg Toys brought together an influential lineup of artists, including CES, EWOK, DOZE, Shepard Fairey, NYC Lase, Too Fly, and Ghost.
Considered one of the earliest collaborative graffiti toy projects, Mötug captured a pivot…",$50.00,https://museumofgraffiti.myshopify.com/products/vintage-motug-doze-green,,,,,,,,,,,,,,,,,https://cdn.shopify.com/s/files/1/0630/0444/2851/files/Untitled-1_45adb79a-d6e9-4bb5-895e-03355525e7fb.jpg?v=1706114894,"Doze Green 2013 ""Marduk"" Print",$650.00,https://museumofgraffiti.myshopify.com/products/doze-green-2013-marduk-print,,https://cdn.shopify.com/s/files/1/0630/0444/2851/files/doze_green_book.jpg?v=1778877734,Doze Green: Drawings Hardcover book,$45.00,https://museumofgraffiti.myshopify.com/products/doze-green-drawings,,https://cdn.shopify.com/s/files/1/0630/0444/2851/files/Untitled-6.png?v=1727797431,"Doze Green ""Mugsy Characters"" Tee",$40.00,https://museumofgraffiti.myshopify.com/products/doze-green-tee-50-years-of-hip-hop,,https://cdn.shopify.com/s/files/1/0630/0444/2851/files/dozeposter.jpg?v=1705956977,"Doze Green Poster ""50 Years of Hip Hop""",$30.00,https://museumofgraffiti.myshopify.com/products/doze-green-poster-50-years-of-hip-hop,
Artist Spotlight,2026-08-23,11:00,Artist Spotlight: SKEME,Artist Spotlight,EXCLUSIVE Hand Drawn Stickers By SKEME,,#ffcf1f,,,,,,,,,,,SKEME,https://d3k81ch9hvuctc.cloudfront.net/company/WHZZ6D/images/6fddab54-21f9-4d4f-b00e-cbb24dd9f450.png,"Born John Cecil Dash in Harlem in 1964, SKEME began writing graffiti on New York City’s subway system at 15, quickly becoming an “All City” writer. He painted across numerous subway lines and collaborated with some of the era’s most influential graffiti artists, creating iconic pieces and mastering everything from wildstyle and whole cars to throw-ups and handstyles.","In 1982, SKEME was featured alongside his mother in the groundbreaking documentary Style Wars, helping introduce New York graffiti and hip-hop culture to a worldwide audience.","His legacy goes beyond the film. SKEME collaborated with legendary pioneer PHASE 2 on the historic TUFF CITY train, alongside artists including Tean, Kade, Chains3, Kool131 and Part1. The project earned him membership in TMT (The Magnificent Team), one of graffiti’s most respected crews of the era.",,MoG EXCLUSIVE,,,,,https://museumofgraffiti.com/collections/the-gift-shop?filter.p.m.custom.artist=ABSTRK&sort_by=most-relevant&grid=default,Shop Now >,https://museumofgraffiti.com/collections/the-gift-shop?filter.p.m.custom.artist=ABSTRK&sort_by=most-relevant&grid=default,See More >,https://cdn.shopify.com/s/files/1/0630/0444/2851/files/tonythetiger.jpg?v=1784756541,"Skeme Slap Postal Sticker 4 Panel ""Tony the Tiger""","""Tony the Tiger""
5.5 in. x 16 in. 
4-panel slap sticker 
SKEME, 2026",$500.00,https://museumofgraffiti.myshopify.com/products/skeme-slap-postal-sticker-4-panel-tony-the-tiger,,,,,,,,,,,,,,,,,https://cdn.shopify.com/s/files/1/0630/0444/2851/files/BadBoyLeroyBrown.jpg?v=1784757113,"Skeme Slap Postal Sticker 3 Panel ""Bad Boy Leroy Brown""",$300.00,https://museumofgraffiti.myshopify.com/products/skeme-slap-postal-sticker-3-panel-bad-boy-leroy-brown,,https://cdn.shopify.com/s/files/1/0630/0444/2851/files/StyleWars.jpg?v=1784757502,"Skeme Slap Postal Sticker 3 Panel ""Style Wars""",$300.00,https://museumofgraffiti.myshopify.com/products/skeme-slap-postal-sticker-3-panel-style-wars,,https://cdn.shopify.com/s/files/1/0630/0444/2851/files/Untitled-3_2d697c4b-d968-4191-85a3-b199faf4daa6.jpg?v=1784758309,"Skeme Slap Postal Sticker 3 Panel ""Untitled 3""",$300.00,https://museumofgraffiti.myshopify.com/products/skeme-slap-postal-sticker-3-panel-untitled,,https://cdn.shopify.com/s/files/1/0630/0444/2851/files/Untitled-8.jpg?v=1784758920,"Skeme Slap Postal Sticker 3 Panel ""Untitled 8""",$300.00,https://museumofgraffiti.myshopify.com/products/skeme-slap-postal-sticker-3-panel-untitled-8,
Artist Spotlight,2026-08-12,10:00,Artist Spotlight: Shirt King Phade,Artist Spotlight,From Graffiti to Fashion: Shirt King Phade Exclusive Collection,,#ffcf1f,,,,,,,,,,,SHIRT KING PHADE,https://d3k81ch9hvuctc.cloudfront.net/company/WHZZ6D/images/58959756-bd35-4f3d-b4d0-4cb4bce52048.jpeg,"Shirt King Phade (Edwin ""Phade"" Sacasa) is a pioneering New York graffiti artist who helped transform graffiti into wearable art during the early days of hip-hop. After moving from painting subway trains to customizing airbrushed T-shirts, Phade and the Shirt Kings became among the first artists to commercialize graffiti, laying the foundation for what many consider modern streetwear. Known for his bold, hand-painted designs that remixed pop culture icons with hip-hop style, the Shirt Kings' custom apparel became a cultural phenomenon. His iconic Queens storefront attracted hip-hop legends including Jay-Z, Jam Master Jay, and RZA, helping shape some of the era's most recognizable imagery.",,,,MoG Pick,,,,,https://museumofgraffiti.com/collections/the-gift-shop?filter.p.m.custom.artist=Shirt+King+Phade&sort_by=most-relevant&grid=default,Shop Now >,https://museumofgraffiti.com/collections/the-gift-shop?filter.p.m.custom.artist=Shirt+King+Phade&sort_by=most-relevant&grid=default,See More >,https://cdn.shopify.com/s/files/1/0630/0444/2851/files/bartshirt.jpg?v=1694470419,"Shirt King Phade X MOG ""Bart Tee""","Introducing our new t-shirt collaboration with the iconic airbrush artist Shirt King Phade. This exclusive design combines Phade's renowned artistic style with the timeless charm of Bart Simpson and the vibrant energy of the Museum of Graffiti. Crafted with premium quality materials, this tee shirt …",$40.00,https://museumofgraffiti.myshopify.com/products/shirt-king-phade-x-mog-bart-tee,,,,,,,,,,,,,,,,,https://cdn.shopify.com/s/files/1/0630/0444/2851/products/1.png?v=1647842167,"Shirt King Phade ""Leave That Crack Alone"" Crewneck Sweatshirt",$65.00,https://museumofgraffiti.myshopify.com/products/shirt-king-phade-leave-that-crack-alone-crewneck-sweatshirt,,https://cdn.shopify.com/s/files/1/0630/0444/2851/files/shirt-kings-pioneers-of-hip-hop-fashion-book.jpg?v=1689175749,Shirt Kings: Pioneers of Hip Hop Fashion,$29.95,https://museumofgraffiti.myshopify.com/products/shirt-kings-pioneers-of-hip-hop-fashion,,,,,,,,,,,
Artist Spotlight,2026-08-09,11:39,Artist Spotlight: Abstrk,Artist Spotlight,Inside Abstrk’s Latest Collection: Hand Embellished Print + Hat Release,,#ffcf1f,,,,,,,,,,,ABSTRK,https://d3k81ch9hvuctc.cloudfront.net/company/WHZZ6D/images/2fefef5d-a60d-4d93-854b-04343d72ff94.png,"Enrique Mas, aka ABSTRK is a Multidisciplinary Cuban American artist from Miami, FL. Self-taught, his work is engaged in public art projects, murals, 2d and 3d gallery /studio work, digital art, as well as product /apparel design. He has worked in collaboration with brands ranging from high-end fashion to sports wear/lifestyle and creative agencies on international and global projects. Abstrk’s diversity in style comes from influences in traditional fine art, graffiti, and pop culture.",,,,MoG EXCLUSIVE,,,,,https://museumofgraffiti.com/collections/the-gift-shop?filter.p.m.custom.artist=ABSTRK&sort_by=most-relevant&grid=default,Shop Now >,https://museumofgraffiti.com/collections/the-gift-shop?filter.p.m.custom.artist=ABSTRK&sort_by=most-relevant&grid=default,See More >,https://cdn.shopify.com/s/files/1/0630/0444/2851/files/abstrkhat.jpg?v=1785519837,"ABSTRK x Museum of Graffiti ""Horsemen"" Snapback","Created exclusively for Horsemen, ABSTRK's latest body of work presented at the Museum of Graffiti.
The structured black snapback features an embroidered horse graphic inspired by the Horsemen series on the front, the Museum of Graffiti logo embroidered in red on the side, and the ABSTRK signature e…",$40.00,https://museumofgraffiti.myshopify.com/products/abstrk-embroidered-snapback-hat,,,,,,,,,,,,,,,,,https://cdn.shopify.com/s/files/1/0630/0444/2851/files/Abstrk_embellished_print.jpg?v=1786476964,ABSTRK Hand Embellished Print 2026,$150.00,https://museumofgraffiti.myshopify.com/products/abstrk-hand-embellished-print-2026,,https://cdn.shopify.com/s/files/1/0630/0444/2851/files/4CB3C971-A2D8-4392-89FA-6D28BB24DDE1.png?v=1786134336,Abstrk x Levi's Denim Shorts Size 30,$250.00,https://museumofgraffiti.myshopify.com/products/abstrk-x-levis-jean-shorts,,https://cdn.shopify.com/s/files/1/0630/0444/2851/files/E65F72B2-CC3C-4AB8-90B4-7B0ED1575765.png?v=1786134991,Abstrk x Levi's Denim Shorts Size 32,$250.00,https://museumofgraffiti.myshopify.com/products/abstrk-x-levis-denim-shorts-size-32,,https://cdn.shopify.com/s/files/1/0630/0444/2851/files/FFEE8F41-6246-4FF0-9FDA-C86856985B80.png?v=1786135041,Abstrk x Levi's Denim Shorts Size 34,$250.00,https://museumofgraffiti.myshopify.com/products/abstrk-x-levis-denim-shorts-size-34,
Artist Spotlight,2026-08-05,10:00,Artist Spotlight: Coco 144,Artist Spotlight,Meet COCO144: New Limited-Edition Releases Are Here,,#3fbf6f,,,,,,,,,,,COCO144,https://d3k81ch9hvuctc.cloudfront.net/company/WHZZ6D/images/8a00c384-72f4-4156-b26c-5203336d4f84.png,"Roberto Gualtieri, known as COCO144, is an artist and pioneer among the first generation of New York City subway writers. His tag was inspired by his childhood nickname and the street in Harlem where he grew up, 144th Street.","In November 1972, COCO144 was one of the founding members of United Graffiti Artists, a collective of artists who revolutionized the writing movement and changed the public's perception of urban art by transitioning from spray painting on subway trains to painting on canvas.",,,MoG EXCLUSIVE,,,,,https://museumofgraffiti.com/collections/the-gift-shop?filter.p.m.custom.artist=COCO144,Shop Now >,https://museumofgraffiti.com/collections/the-gift-shop?filter.p.m.custom.artist=COCO144,See More >,https://cdn.shopify.com/s/files/1/0630/0444/2851/files/coco144-BlackExplosion-1973-print.jpg?v=1783799543,COCO144 'Black Explosion' Poster SIGNED,"12x18"" 
Limited edition poster
Signed 


 From Harlem walls to subway cars, Coco 144 helped shape the language of graffiti. A pioneer of stencil work and founding president of United Graffiti Artists, his crowned tag became a citywide icon.",$40.00,https://museumofgraffiti.myshopify.com/products/coco144-black-explosion-poster-signed,,,,,,,,,,,,,,,,,https://cdn.shopify.com/s/files/1/0630/0444/2851/files/COCO144_1.png?v=1783798804,COCO144 - Crown Print,$200.00,https://museumofgraffiti.myshopify.com/products/coco144-crown-print,,https://cdn.shopify.com/s/files/1/0630/0444/2851/files/Coco144-3.jpg?v=1783615038,COCO144 Limited Edition Prints - Purple,$125.00,https://museumofgraffiti.myshopify.com/products/coco144-limited-edition-prints-purple,,https://cdn.shopify.com/s/files/1/0630/0444/2851/files/Coco144-2.jpg?v=1783615039,COCO144 Limited Edition Prints - Red,$125.00,https://museumofgraffiti.myshopify.com/products/coco144-limited-edition-prints-red,,https://cdn.shopify.com/s/files/1/0630/0444/2851/files/Coco144-1.jpg?v=1783615038,COCO144 Limited Edition Prints - Green,$125.00,https://museumofgraffiti.myshopify.com/products/coco144-limited-edition-prints-green,
Category Spotlight,2026-08-20,12:45,Category: Books & Magazines,Category Spotlight,Required Reading: Graffiti Books & Magazines,,#3fbf6f,Books & Magazines,"Discover the artists, stories, and history behind graffiti culture through our collection of books. From iconic writers to contemporary innovators.",https://museumofgraffiti.com/collections/books-magazines,See More >,Most Popular,THE ICONS,ONE OF A KIND,Get Inspired,https://museumofgraffiti.com/collections/books-magazines,Shop Now >,,,,,,,,,,,,,,https://museumofgraffiti.com/collections/books-magazines,See More >,https://cdn.shopify.com/s/files/1/0630/0444/2851/files/1-5717_SX1u0YrkqOwdZyDj_1.jpg?v=1687450849,Subway Art,,$24.95,https://museumofgraffiti.myshopify.com/products/subway-art,Best-Seller,https://cdn.shopify.com/s/files/1/0630/0444/2851/files/final2.jpg?v=1691512289,BLADE: King of Graffiti,$39.99,https://museumofgraffiti.myshopify.com/products/blade-king-of-graffiti,,https://cdn.shopify.com/s/files/1/0630/0444/2851/files/graffitialphai-01.webp?v=1784734505,Graffiti Alphabets,$34.95,https://museumofgraffiti.myshopify.com/products/graffiti-alphabets,Top Pick,https://cdn.shopify.com/s/files/1/0630/0444/2851/files/Graffforbeginners_1680x_d7934d8d-cb00-4bca-9f3d-51d298246401.jpg?v=1687448460,Graffiti for Beginners: An Easy Introduction to Drawing Graffiti Letters,$11.99,https://museumofgraffiti.myshopify.com/products/graffiti-for-beginners-an-easy-introduction-to-drawing-graffiti-letters,,https://cdn.shopify.com/s/files/1/0630/0444/2851/files/Untitled-2_e79de410-46ee-481e-8f87-e26eb3c37c6d.jpg?v=1721079173,Miami Graffiti Art Book,$45.00,https://museumofgraffiti.myshopify.com/products/miami-graffiti-art,,https://cdn.shopify.com/s/files/1/0630/0444/2851/files/Untitled-4.png?v=1712003961,UP Magazine - Issue #06 Graffiti,$30.00,https://museumofgraffiti.myshopify.com/products/up-magazine-issue-06-graffiti,,https://cdn.shopify.com/s/files/1/0630/0444/2851/files/Graffitistickerbook.jpg?v=1746288420,The Graffiti Sticker Book,$19.99,https://museumofgraffiti.myshopify.com/products/graffiti-sticker-book,,https://cdn.shopify.com/s/files/1/0630/0444/2851/files/fstcrewmag.jpg?v=1703699297,FST crew Magazine,$35.00,https://museumofgraffiti.myshopify.com/products/fst-crew-magazine,
Category Spotlight,2026-08-10,10:00,"Category: Pins, Patches & Stickers",Category Spotlight,"Rep the Culture: Pins, Patches & Stickers",,#3fbf6f,Stickers & Pins,"Small in size, big in style. Explore our collection of limited edition stickers and pins inspired by graffiti, street art, and the artists who continue to shape the culture.",https://museumofgraffiti.com/collections/pins-patches-stickers,See More >,Most Popular,THE ICONS,ONE OF A KIND,,https://museumofgraffiti.com/collections/pins-patches-stickers,Shop Now >,,,,,,,,,,,,,,https://museumofgraffiti.com/collections/pins-patches-stickers,See More >,,,,,,New,,,,,Best-Seller,,,,,,,,,,,,,,,,,,,,,,,,,,,,,,
Category Spotlight,2026-08-03,10:00,Category: Prints & Posters,Category Spotlight,From the Wall to Yours: Shop MoG Prints & Posters,,#3fbf6f,Limited Edition Prints & Posters,"Discover a curated selection of limited edition prints and posters featuring iconic works from today’s most influential graffiti and contemporary artists. From hand-embellished editions to rare releases, each piece is created for collectors who appreciate the craft, history, and culture behind the artwork. Explore exclusive pieces available in limited quantities before they’re gone.",https://museumofgraffiti.com/collections/prints-posters,See More >,Most Popular,THE ICONS,ONE OF A KIND,"Doze Green Poster ""50 Years of Hip Hop""",https://museumofgraffiti.com/collections/prints-posters,Shop Now >,,,,,,,,,,,,,,https://museumofgraffiti.com/collections/prints-posters,See More >,https://cdn.shopify.com/s/files/1/0630/0444/2851/files/4_8_e4818ea9-f0d2-4e2e-b3bd-366ce51fbbbb.jpg?v=1708983544,Martha Cooper X 1UP Limited Edition Print,,$250.00,https://museumofgraffiti.myshopify.com/products/mog-x-martha-cooper-x-1up-1up,Best-Seller,https://cdn.shopify.com/s/files/1/0630/0444/2851/files/Untitled-1_2626811f-408c-4a74-9fef-c8c628e5ada9.jpg?v=1707323600,Peter Paid Poster,$25.00,https://museumofgraffiti.myshopify.com/products/peter-pid-poster,Top Pick,https://cdn.shopify.com/s/files/1/0630/0444/2851/files/dozeposter.jpg?v=1705956977,"Doze Green Poster ""50 Years of Hip Hop""",,https://museumofgraffiti.myshopify.com/products/doze-green-poster-50-years-of-hip-hop,,https://cdn.shopify.com/s/files/1/0630/0444/2851/files/CRYSTALFISH.jpg?v=1692462313,Vance Print - 水晶鱼 (Crystal Fish),$200.00,https://museumofgraffiti.myshopify.com/products/vance-print-水晶鱼-crystal-fish,,https://cdn.shopify.com/s/files/1/0630/0444/2851/products/GraffitiAlphabetPoster.webp?v=1650304520,Graffiti Alphabet Poster,$25.00,https://museumofgraffiti.myshopify.com/products/graffiti-alphabet-poster,,https://cdn.shopify.com/s/files/1/0630/0444/2851/files/Ni_De_Aqui_Ni_De_Alla_Poster.jpg?v=1756844134,"Weerdo ""Ni De Aqui, Ni De Alla"" Poster",$20.00,https://museumofgraffiti.myshopify.com/products/weerdo-ni-de-aqui-ni-de-alla-poster,,https://cdn.shopify.com/s/files/1/0630/0444/2851/files/crookandcromesign.jpg?v=1778341090,"Crook and Crome ""i-95"" Poster",$20.00,https://museumofgraffiti.myshopify.com/products/crook-and-crome-poster,,,,,,
Category Spotlight,2026-07-24,11:22,Category: Books & Magazines,Category Spotlight,Read the Culture: Books & Mags,,#ff8a1f,Books & Magazines,"From subway-era classics to the artists rewriting the canon - 104 titles in the MoG library, curated for collectors.",https://museumofgraffiti.com/collections/books-magazines,See More >,New Titles,LATEST DROPS,THE ESSENTIAL,,https://museumofgraffiti.com/collections/books-magazines,Shop Now >,,,,,,,,,,,,,,https://museumofgraffiti.com/collections/books-magazines,See More >,https://cdn.shopify.com/s/files/1/0630/0444/2851/files/Untitled-2_e79de410-46ee-481e-8f87-e26eb3c37c6d.jpg?v=1721079173,Miami Graffiti Art Book,,$45.00,https://museumofgraffiti.myshopify.com/products/miami-graffiti-art,Local Favorite,https://cdn.shopify.com/s/files/1/0630/0444/2851/files/doze_green_book.jpg?v=1778877734,Doze Green: Drawings Hardcover book,$45.00,https://museumofgraffiti.myshopify.com/products/doze-green-drawings,Best-Seller,https://cdn.shopify.com/s/files/1/0630/0444/2851/files/zigzagcover.jpg?v=1766253769,Zig-Zag Art Week Filter Tip Book,$20.00,https://museumofgraffiti.myshopify.com/products/zig-zag-art-week-filter-tip-book,Best-Seller,https://cdn.shopify.com/s/files/1/0630/0444/2851/files/MOG_Black_Book.jpg?v=1778613739,Museum of Graffiti Black Book,$11.99,https://museumofgraffiti.myshopify.com/products/museum-of-graffiti-black-book,MoG Exclusive,https://cdn.shopify.com/s/files/1/0630/0444/2851/files/original_550x_1bd76b0f-d491-4001-a13c-5492cc1f341e.jpg?v=1687370645,Banksy Coloring Book,$11.99,https://museumofgraffiti.myshopify.com/products/banksy-coloring-book,,https://cdn.shopify.com/s/files/1/0630/0444/2851/files/ablohism.jpg?v=1785254547,Abloh-isms,$16.95,https://museumofgraffiti.myshopify.com/products/abloh-isms,,https://cdn.shopify.com/s/files/1/0630/0444/2851/products/original_5002c43e-25a1-4544-aa1c-8e9b76507cee.png?v=1659747668,Artsy Cats,$12.99,https://museumofgraffiti.myshopify.com/products/artsy-cats,,https://cdn.shopify.com/s/files/1/0630/0444/2851/files/Untitled-1_5d1a9a98-5872-4948-b4de-c6db6cc228a4.jpg?v=1721338616,"Jean-Michel Basquiat: Little People, Big Dreams Book",$15.99,https://museumofgraffiti.myshopify.com/products/jean-michel-basquiat-little-people-big-dreams,
Category Spotlight,2026-07-18,12:45,Category: Home & Decor,Category Spotlight,Deck Out Your Space,,#3fbf6f,Home & Decor,"Put the movement on your shelf - lamps, glassware, candles, and pillows from the icons and the writers we show.",https://museumofgraffiti.com/collections/home-decor,See More >,Most Popular,THE ICONS,ONE OF A KIND,AFOR Night Lamp,https://museumofgraffiti.com/collections/home-decor,Shop Now >,,,,,,,,,,,,,,https://museumofgraffiti.com/collections/home-decor,See More >,https://cdn.shopify.com/s/files/1/0630/0444/2851/files/8E7ED2F2-8B04-41CE-A829-B854AF16CAE3.png?v=1748014815,Krylon Museum of Graffiti Tumbler,,$29.99,https://museumofgraffiti.myshopify.com/products/krylon-museum-of-graffiti-tumbler,Best-Seller,https://cdn.shopify.com/s/files/1/0630/0444/2851/files/pi.jpg?v=1709507250,Lexon x Basquiat - LED Lamp,$59.90,https://museumofgraffiti.myshopify.com/products/lexon-x-basquiat-led-lamp,Best-Seller,https://cdn.shopify.com/s/files/1/0630/0444/2851/files/601C0B61-E143-4327-B59A-4CD09A2306AE.png?v=1771790256,AFOR Night Lamp,,https://museumofgraffiti.myshopify.com/products/afor-light-up-graffiti-box,,https://cdn.shopify.com/s/files/1/0630/0444/2851/products/CHEECHWIZARD-ThrowiePillow1.webp?v=1650275032,CHEECH WIZARD - Throwie Pillow,$89.99,https://museumofgraffiti.myshopify.com/products/cheech-wizard-throwie-pillow,,https://cdn.shopify.com/s/files/1/0630/0444/2851/files/rollup_paperweight.jpg?v=1741721049,Roll Up Wall Paper Weight,$40.00,https://museumofgraffiti.myshopify.com/products/roll-up-paper-weight-copy,,https://cdn.shopify.com/s/files/1/0630/0444/2851/files/Cey-Adams-magnet-1.jpg?v=1758572440,Cey Adams magnet,$10.00,https://museumofgraffiti.myshopify.com/products/cey-adams-magnet,,https://cdn.shopify.com/s/files/1/0630/0444/2851/files/BobbyEllisMugs.jpg?v=1687792754,Bobby Ellis Traditional Tattoo Ceramic Mug,$15.00,https://museumofgraffiti.myshopify.com/products/bobby-ellis-traditional-tattoo-ceramic-mugs,,,,,,
Category Spotlight,2026-07-14,10:00,Category: Apparel,Category Spotlight,Apparel,,#ffcf1f,Apparel,"Wear the movement - artist tees, crewnecks, hoodies, and hats from the writers we show and the house we built.",https://museumofgraffiti.com/collections/apparel,See More >,Top New Drops,HOUSE STAPLES,THE ESSENTIAL,,https://museumofgraffiti.com/collections/apparel,Shop Now >,,,,,,,,,,,,,,https://museumofgraffiti.com/collections/apparel,See More >,,,,,,Best-Seller,,,,,MoG Exclusive,,,,,June T-Shirt Drop,,,,,,,,,,,,,,,,,,,,,,,,,
Category Spotlight,2026-07-10,09:45,Category: Prints & Posters,Category Spotlight,Fresh Ink: New Prints & Posters,,#22c3d6,Prints & Posters,"Sign your walls - exhibition posters, signed editions, and hand-embellished originals from the artists we show.",https://museumofgraffiti.com/collections/prints-posters,See More >,Fan Favorites,TOP PICKS,ONE OF A KIND,,https://museumofgraffiti.com/collections/prints-posters,Shop Now >,,,,,,,,,,,,,,https://museumofgraffiti.com/collections/prints-posters,See More >,,,,,,Best-Seller,,,,,Best-Seller,,,,,,,,,,,,,,,,,,,,,,,,,,,,,,
Tee of the Month,2026-08-14,16:27,Subscription Tees – August Drop,Tee of the Month,August T-Shirt Drop: YUBIA is Live,,#ffcf1f,,,,,,,,,,,YUBIA,https://d3k81ch9hvuctc.cloudfront.net/company/WHZZ6D/images/ff2456bd-d186-4077-97da-0d13b77fd6c3.jpeg,,,,"Yubia is a graffiti writer, muralist, and illustrator from Bilbao, Spain, currently based in Barcelona. Active in the graffiti scene since 2002, she has developed a distinctive visual language that blends classic graffiti lettering with playful kawaii-inspired characters, bold color palettes, and contemporary pop culture references. Her work transforms everyday objects, food, spray cans, and urban elements into expressive characters that bring humor, optimism, and energy to walls around the world.",,We Did It Again. Meet This Month's Shirt Drop.,Buy individually or Subscribe & Save 20%,$36.00,$45.00,https://museumofgraffiti.com/collections/2026-writers-tee-drop,Shop Now >,https://museumofgraffiti.com/collections/2026-writers-tee-drop,See More >,https://cdn.shopify.com/s/files/1/0630/0444/2851/files/yubia_front.jpg?v=1785879168,August AS COLOUR Drop: Yubia,"This exclusive tee is locally hand-screen printed by graffiti artists in our community, keeping the production close to home and helping support the artists and creatives who make our culture what it is.
This release features artwork by YUBIA, a graffiti writer, muralist, and illustrator from Bilbao…",,https://museumofgraffiti.myshopify.com/products/august-drop-presented-by-as-colour-copy,,,,,,,,,,,,,,,,,https://cdn.shopify.com/s/files/1/0630/0444/2851/files/Sonic_tee.jpg?v=1784131820,July AS COLOUR Drop: Sonic,$45.00,https://museumofgraffiti.myshopify.com/products/july-drop-presented-by-as-colour,,https://cdn.shopify.com/s/files/1/0630/0444/2851/files/Blade_Tee_Front.jpg?v=1782512553,June AS COLOUR Drop: Blade,$45.00,https://museumofgraffiti.myshopify.com/products/june-drop-presented-by-as-colour,,https://cdn.shopify.com/s/files/1/0630/0444/2851/files/duel_tee_front.jpg?v=1778684441,May AS COLOUR Drop: Duel,$45.00,https://museumofgraffiti.myshopify.com/products/may-drop-presented-by-as-colour-copy,,https://cdn.shopify.com/s/files/1/0630/0444/2851/files/vayne_tee.png?v=1775576683,April AS COLOUR Drop: Vayne,$45.00,https://museumofgraffiti.myshopify.com/products/april-drop-presented-by-as-colour,
Tee of the Month,2026-08-07,10:12,Subscription Tees – Evergreen,Tee of the Month,12 Writers. 12 Months. One Membership.,,#ffcf1f,,,,,,,,,,,YUBIA,https://d3k81ch9hvuctc.cloudfront.net/company/WHZZ6D/images/ff2456bd-d186-4077-97da-0d13b77fd6c3.jpeg,,,,"This exclusive tee is locally hand-screen printed by graffiti artists in our community, keeping the production close to home and helping support the artists and creatives who make our culture what it is.
This release features artwork by YUBIA, a graffiti writer, muralist, and illustrator from Bilbao…",,Artist Tee Membership · Presented by AS Colour,,,,https://museumofgraffiti.com/collections/2026-writers-tee-drop,Shop Now >,https://museumofgraffiti.com/collections/2026-writers-tee-drop,See More >,https://cdn.shopify.com/s/files/1/0630/0444/2851/files/yubia_front.jpg?v=1785879168,August AS COLOUR Drop: Yubia,"Every month, a legendary graffiti writer drops one exclusive, limited-edition tee — printed on premium AS Colour blanks and delivered right to your door.
 Buy them individually or Subscribe and Save 20%",,https://museumofgraffiti.myshopify.com/products/august-drop-presented-by-as-colour-copy,,,,,,,,,,,,,,,,,https://cdn.shopify.com/s/files/1/0630/0444/2851/files/Sonic_tee.jpg?v=1784131820,July AS COLOUR Drop: Sonic,$45.00,https://museumofgraffiti.myshopify.com/products/july-drop-presented-by-as-colour,,https://cdn.shopify.com/s/files/1/0630/0444/2851/files/Blade_Tee_Front.jpg?v=1782512553,June AS COLOUR Drop: Blade,$45.00,https://museumofgraffiti.myshopify.com/products/june-drop-presented-by-as-colour,,https://cdn.shopify.com/s/files/1/0630/0444/2851/files/duel_tee_front.jpg?v=1778684441,May AS COLOUR Drop: Duel,$45.00,https://museumofgraffiti.myshopify.com/products/may-drop-presented-by-as-colour-copy,,https://cdn.shopify.com/s/files/1/0630/0444/2851/files/vayne_tee.png?v=1775576683,April AS COLOUR Drop: Vayne,$45.00,https://museumofgraffiti.myshopify.com/products/april-drop-presented-by-as-colour,
Tee of the Month,2026-08-01,14:48,Subscription Tees – July Drop,Tee of the Month,Exclusive T-Shirt Drop: SONIC Is Live,,#ffcf1f,,,,,,,,,,,SONIC,https://d3k81ch9hvuctc.cloudfront.net/company/WHZZ6D/images/5fa0dd86-e736-4d7f-9020-07a05afc7645.jpeg,,,,"Jesse Rodriguez, born and raised in New York City, found his artistic calling in graffiti during the early 1970s. Sonic pioneered unique graffiti styles, introducing 3D folding letters and transforming letters into characters, leaving an indelible mark on Hip Hop culture. Painting NYC subway trains posed numerous challenges for Sonic: from stealing spray paint to navigating the city’s dangers en route to train yards, the process involved sneaking in and facing constant police pursuits. Despite these obstacles, Sonic’s determination and passion for his craft drove him to leave a lasting imprint on the subway cars, contributing to the vibrant and rebellious culture of graffiti in the 1970s and beyond. Notable works like “Revolution 81” and “World War III” on NYC subway cars showcase his influence.",,We Did It Again. Meet This Month's Shirt Drop.,Buy individually or Subscribe & Save 20%,$36.00,$45.00,https://museumofgraffiti.com/collections/2026-writers-tee-drop,Shop Now >,https://museumofgraffiti.com/collections/2026-writers-tee-drop,See More >,https://cdn.shopify.com/s/files/1/0630/0444/2851/files/Sonic_tee.jpg?v=1784131820,July AS COLOUR Drop: Sonic,"This exclusive shirt features artwork by SONIC (also known as Sonic Bad or Jesse Rodriguez), one of New York City's most influential graffiti pioneers. Renowned for developing the groundbreaking 3D ""folding"" and ""ribbon letter"" style, SONIC helped redefine the visual language of graffiti during the …",,https://museumofgraffiti.myshopify.com/products/july-drop-presented-by-as-colour,,,,,,,,,,,,,,,,,https://cdn.shopify.com/s/files/1/0630/0444/2851/files/Blade_Tee_Front.jpg?v=1782512553,June AS COLOUR Drop: Blade,$45.00,https://museumofgraffiti.myshopify.com/products/june-drop-presented-by-as-colour,,https://cdn.shopify.com/s/files/1/0630/0444/2851/files/duel_tee_front.jpg?v=1778684441,May AS COLOUR Drop: Duel,$45.00,https://museumofgraffiti.myshopify.com/products/may-drop-presented-by-as-colour-copy,,https://cdn.shopify.com/s/files/1/0630/0444/2851/files/vayne_tee.png?v=1775576683,April AS COLOUR Drop: Vayne,$45.00,https://museumofgraffiti.myshopify.com/products/april-drop-presented-by-as-colour,,https://cdn.shopify.com/s/files/1/0630/0444/2851/files/tesoe.jpg?v=1772466076,March AS COLOUR Drop: Tesoe,$45.00,https://museumofgraffiti.myshopify.com/products/march-drop-presented-by-as-colour,
